split_protocol,epoch,train_loss,auroc,auprc,recall_at_1pct,recall_at_5pct,ef_at_1pct,ef_at_5pct
random,1,0.14872551950820204,0.94947398328427,0.9876489855893948,0.012706480304955527,0.060991105463786534,1.204574332909784,1.204574332909784
random,2,0.07732639283551232,0.955882469003291,0.989822258682313,0.012706480304955527,0.060991105463786534,1.204574332909784,1.204574332909784
random,3,0.048631534017720766,0.9558272234367478,0.9894900115128779,0.012706480304955527,0.060991105463786534,1.204574332909784,1.204574332909784
random,4,0.031363373835593227,0.9500264389497027,0.9879852283197632,0.012706480304955527,0.060991105463786534,1.204574332909784,1.204574332909784
random,5,0.0247859245239902,0.9630012548635829,0.9911753912421322,0.012706480304955527,0.060991105463786534,1.204574332909784,1.204574332909784
random,6,0.01848380667032148,0.9582738128122361,0.9897903370810707,0.012706480304955527,0.060991105463786534,1.204574332909784,1.204574332909784
random,7,0.013120726389579455,0.9600811320605805,0.9903927310052809,0.012706480304955527,0.060991105463786534,1.204574332909784,1.204574332909784
random,8,0.011982629139797692,0.9613202111959087,0.9906101613189033,0.012706480304955527,0.060991105463786534,1.204574332909784,1.204574332909784
random,9,0.01128982836405174,0.9619713196587403,0.9908064453722336,0.012706480304955527,0.060991105463786534,1.204574332909784,1.204574332909784
random,10,0.009557739712081672,0.9601995154174591,0.9905107653586998,0.012706480304955527,0.060991105463786534,1.204574332909784,1.204574332909784
random,11,0.007441807644488413,0.9582382978051726,0.9898407708680076,0.012706480304955527,0.060991105463786534,1.204574332909784,1.204574332909784
random,12,0.007362422034006792,0.9615569779096657,0.9904557059906218,0.012706480304955527,0.060991105463786534,1.204574332909784,1.204574332909784
random,13,0.00661889310007163,0.9577331954824911,0.9895770773814175,0.012706480304955527,0.060991105463786534,1.204574332909784,1.204574332909784
random,14,0.005267157849897495,0.9600574553892051,0.9902310373854362,0.012706480304955527,0.060991105463786534,1.204574332909784,1.204574332909784
random,15,0.0063977159069492275,0.9608466777683948,0.9903212020242163,0.012706480304955527,0.060991105463786534,1.204574332909784,1.204574332909784
random,16,0.003953335076029287,0.963151207115629,0.9910702204578731,0.012706480304955527,0.060991105463786534,1.204574332909784,1.204574332909784
random,17,0.005721359395533849,0.9624211764148786,0.9907296866674273,0.012706480304955527,0.060991105463786534,1.204574332909784,1.204574332909784
scaffold,1,0.1512027550813076,0.8815513959390863,0.9721355456245773,0.012690355329949238,0.06091370558375635,1.203045685279188,1.203045685279188
scaffold,2,0.07679409441147442,0.8993020304568526,0.976794024962135,0.012690355329949238,0.06091370558375635,1.203045685279188,1.203045685279188
scaffold,3,0.05085152283625426,0.9080821700507614,0.9782748208427052,0.012690355329949238,0.06091370558375635,1.203045685279188,1.203045685279188
scaffold,4,0.0317410872998527,0.9185913705583756,0.9798126679180277,0.012690355329949238,0.06091370558375635,1.203045685279188,1.203045685279188
scaffold,5,0.024779664670021365,0.9204631979695432,0.9805774690785968,0.012690355329949238,0.06091370558375635,1.203045685279188,1.203045685279188
scaffold,6,0.018585673387415493,0.918789657360406,0.9794687170397658,0.012690355329949238,0.06091370558375635,1.203045685279188,1.203045685279188
scaffold,7,0.012972899856129391,0.9129045050761421,0.978161255603484,0.012690355329949238,0.06091370558375635,1.203045685279188,1.203045685279188
scaffold,8,0.01252362261474683,0.9178537436548224,0.9795827012069782,0.012690355329949238,0.06091370558375635,1.203045685279188,1.203045685279188
scaffold,9,0.009934655939705552,0.9246827411167514,0.9807968201160435,0.012690355329949238,0.06091370558375635,1.203045685279188,1.203045685279188
scaffold,10,0.01012643773488376,0.9157479378172588,0.9787030994885861,0.012690355329949238,0.06091370558375635,1.203045685279188,1.203045685279188
scaffold,11,0.008182180543629193,0.9163190038071066,0.9776048650764453,0.012690355329949238,0.05964467005076142,1.203045685279188,1.177982233502538
scaffold,12,0.00746739782395436,0.9093155139593909,0.9759665659562806,0.012690355329949238,0.05964467005076142,1.203045685279188,1.177982233502538
scaffold,13,0.005791373830319365,0.9116751269035532,0.9742084685412207,0.012690355329949238,0.05710659898477157,1.203045685279188,1.1278553299492386
scaffold,14,0.005041811347626995,0.9156527601522841,0.975764806443163,0.012690355329949238,0.05964467005076142,1.203045685279188,1.177982233502538
scaffold,15,0.005790165587577792,0.9229457487309644,0.979597279687527,0.012690355329949238,0.05964467005076142,1.203045685279188,1.177982233502538
scaffold,16,0.0034675771092085566,0.9124643083756345,0.9756380239506758,0.012690355329949238,0.0583756345177665,1.203045685279188,1.1529187817258884
scaffold,17,0.005534845141701322,0.9038269352791878,0.9721455583002023,0.012690355329949238,0.05710659898477157,1.203045685279188,1.1278553299492386
scaffold,18,0.004721692989173033,0.9149547906091371,0.9773841623755388,0.012690355329949238,0.05964467005076142,1.203045685279188,1.177982233502538
scaffold,19,0.003190134659822352,0.9104655774111675,0.9745109439671522,0.012690355329949238,0.05710659898477157,1.203045685279188,1.1278553299492386
scaffold,20,0.0036920161863975105,0.9169455901015229,0.9763183106647764,0.012690355329949238,0.0583756345177665,1.203045685279188,1.1529187817258884
scaffold,21,0.006602488401024001,0.9055322017766498,0.9727913121897731,0.012690355329949238,0.05964467005076142,1.203045685279188,1.177982233502538
