rank,interesting_rank,library_id,standardized_smiles,active_probability,mw,clogp,tpsa,hbd,hba,rotatable_bonds,qed,pains,pains_description,lipinski_ok,veber_ok,passes_mw,passes_clogp,passes_qed,passes_property_filters,nearest_training_active,nearest_active_tanimoto,risk_note
25,1,CHEMBL274442,Cc1ccc(C)n1Nc1nncc2ccccc12,0.786,238.29400000000004,2.9233400000000005,42.74,1,3,2,0.7460791541525584,False,,True,True,True,True,True,True,Fc1ccc(Nc2nncc3ccccc23)cc1,0.47619047619047616,lower similarity; higher extrapolation risk
27,2,CHEMBL32464,c1ccc(Cc2nc3ccc(Nc4ncnc5ccccc45)cc3[nH]2)cc1,0.778,351.41300000000007,4.840500000000002,66.49000000000001,2,4,4,0.48609132341198674,False,,True,True,True,True,True,True,Fc1ccc(Nc2ncnc3ccccc23)cc1Cl,0.4727272727272727,lower similarity; higher extrapolation risk
49,3,CHEMBL26791,Oc1c(CN2CCCC2)cc(Nc2ncnc3ccccc23)cc1CN1CCCC1,0.706,403.5300000000003,4.270600000000003,64.52,2,6,6,0.5994511537501938,True,mannich_A(296),True,True,True,True,True,True,Brc1cccc(Nc2ncnc3ccccc23)c1,0.46153846153846156,lower similarity; higher extrapolation risk; PAINS alert
89,4,CHEMBL417804,COc1ccccc1Oc1nccc(-c2c(-c3ccc(F)cc3)ncn2C2CCNCC2)n1,0.638,445.49800000000016,4.871600000000004,74.09,1,6,6,0.4564128733308545,False,,True,True,True,True,True,True,Fc1ccc(-c2ncn(C3CCN(Cc4ccccc4)C3)c2-c2ccc3[nH]ncc3c2)cc1,0.35714285714285715,lower similarity; higher extrapolation risk
117,5,CHEMBL273794,C#CCN1CCN(C2=Nc3ccc(Br)cc3CC=C2c2ccccc2)CC1,0.624,420.3540000000002,4.369600000000004,18.84,0,3,2,0.6724363823129887,False,,True,True,True,True,True,True,Fc1ccc(C2=Nc3ccc(F)cc3CN2/N=C\c2ccccc2)cc1,0.25,lower similarity; higher extrapolation risk
137,6,CHEMBL280457,Oc1nc(-c2ccc(-c3nc(-c4ccc(F)cc4)c(-c4ccncc4)[nH]3)cc2)no1,0.616,399.38500000000005,4.700400000000003,100.72,2,6,4,0.45426926418317604,False,,True,True,True,True,True,True,Oc1ccc(-c2nc(-c3ccc(F)cc3)c(-c3ccnc4[nH]c(-c5ccccc5)cc34)[nH]2)cc1,0.3880597014925373,lower similarity; higher extrapolation risk
155,7,CHEMBL16719,C=CCN1CCN(C2=Nc3ccc(Br)cc3CC=C2c2ccccc2)CC1,0.61,422.37000000000023,4.922400000000005,18.84,0,3,3,0.6541671638498362,False,,True,True,True,True,True,True,Fc1ccc(C2=Nc3ccc(F)cc3CN2/N=C\c2ccccc2)cc1,0.2676056338028169,lower similarity; higher extrapolation risk
169,8,CHEMBL14565,CC(=O)Nc1ccccc1Oc1nccc(-c2c(-c3ccc(F)cc3)ncn2C2CCNCC2)n1,0.606,472.52400000000017,4.821400000000004,93.96,2,6,6,0.41787610841904405,False,,True,True,True,True,True,True,Fc1ccc(-c2ncn(C3CCN(Cc4ccccc4)C3)c2-c2ccc3[nH]ncc3c2)cc1,0.34065934065934067,lower similarity; higher extrapolation risk
170,9,CHEMBL23254,CC(C)[C@H](CO)Nc1nc(Nc2ccc(C(=O)O)c(Cl)c2)c2ncn(C(C)C)c2n1,0.606,432.9120000000001,3.9312000000000022,125.19000000000001,4,7,8,0.4215416660802581,False,,True,True,True,True,True,True,CC(C)C(CO)Nc1nc(Nc2ccc(N3CCNCC3)cc2)c2ncn(C(C)C)c2n1,0.4935064935064935,lower similarity; higher extrapolation risk
235,10,CHEMBL285813,c1ccc(-c2cnc(Nc3ccc4cncnc4c3)o2)cc1,0.59,288.31000000000006,4.028400000000001,63.84,1,5,3,0.6163383950394415,False,,True,True,True,True,True,True,c1ccc(-c2cccc(Nc3ncnc4cc5c(cc34)OCO5)c2)cc1,0.3064516129032258,lower similarity; higher extrapolation risk
269,11,CHEMBL276592,N#Cc1ccc(S(=O)(=O)Nc2cccc(C(c3c(O)oc4c(c3=O)CCCCCC4)C3CC3)c2)nc1,0.584,505.59600000000046,4.613780000000004,133.29000000000002,2,7,6,0.49946913395446424,False,,False,True,True,True,True,True,CNS(=O)(=O)c1cccc(Nc2cc(Nc3cccc(C(C)C)c3)ncn2)c1,0.2441860465116279,lower similarity; higher extrapolation risk
273,12,CHEMBL14170,CN(C)C(=O)c1cccc(Oc2nccc(-c3c(-c4ccc(F)cc4)ncn3C3CCNCC3)n2)c1,0.582,486.55100000000016,4.5648000000000035,85.17,1,6,6,0.43000035188675795,False,,True,True,True,True,True,True,Cc1cc(OC2CCNCC2)ccc1Nc1nccc(-c2c(-c3cccc(C(=O)Nc4c(F)cccc4F)c3)nc3ccccn23)n1,0.32432432432432434,lower similarity; higher extrapolation risk
289,13,CHEMBL16672,CCCc1ccc2c(c1)CC=C(c1ccccc1)C(N1CCN(CC)CC1)=N2,0.58,373.5440000000002,4.946300000000006,18.84,0,3,4,0.7553181603740966,False,,True,True,True,True,True,True,CCN1CCN(Cc2ccc(-c3cc4c(N[C@@H](C)c5ccccc5)ncnc4[nH]3)cc2)CC1,0.275,lower similarity; higher extrapolation risk
301,14,CHEMBL275361,CC(C)c1ccc2c(c1)CC=C(c1ccccc1)C(N1CCN(C)CC1)=N2,0.578,359.51700000000017,4.727100000000006,18.84,0,3,2,0.7720298414860264,False,,True,True,True,True,True,True,CC(C)n1c(Nc2ccccc2)nc2cnc(Nc3ccc(N4CCN(C)CC4)cc3)nc21,0.29577464788732394,lower similarity; higher extrapolation risk
320,15,CHEMBL14300,COc1cccc(Oc2nccc(-c3c(-c4ccc(F)cc4)ncn3C3CCNCC3)n2)c1,0.576,445.49800000000016,4.871600000000004,74.09,1,6,6,0.4564128733308545,False,,True,True,True,True,True,True,Fc1ccc(-c2ncn(C3CCN(Cc4ccccc4)C3)c2-c2ccc3[nH]ncc3c2)cc1,0.3488372093023256,lower similarity; higher extrapolation risk
336,16,CHEMBL21835,CN1CCN(c2ccc(-c3cc(NCCC4CCCN4C)c4ccccc4n3)cc2)CC1,0.574,429.61200000000014,4.549800000000004,34.64,1,5,6,0.621875190362109,False,,True,True,True,True,True,True,CN1CCN(c2ccc(Nc3ncc4cc(CNc5ccccc5)n(C5CCCC5)c4n3)cc2)CC1,0.34523809523809523,lower similarity; higher extrapolation risk
377,17,CHEMBL16588,CCc1ccc2c(c1)CC=C(c1ccccc1)C(N1CCN(C(C)C)CC1)=N2,0.568,373.5440000000002,4.9447000000000045,18.84,0,3,3,0.7583883230452994,False,,True,True,True,True,True,True,Fc1ccc(C2=Nc3ccc(F)cc3CN2/N=C\c2ccccc2)cc1,0.25,lower similarity; higher extrapolation risk
380,18,CHEMBL276529,C[S+]([O-])c1cccc(-c2nc(-c3ccc(F)cc3)c(-c3ccncc3)[nH]2)c1,0.568,377.444,4.6822000000000035,64.63,1,3,4,0.5251964041458315,False,,True,True,True,True,True,True,Fc1ccc(-c2nc(-c3ccccc3)[nH]c2-c2ccnc3[nH]c(-c4ccccc4)cc23)cc1,0.40625,lower similarity; higher extrapolation risk
399,19,CHEMBL16635,CCCN1CCN(C2=Nc3ccc(CC)cc3CC=C2c2ccccc2)CC1,0.564,373.54400000000015,4.946300000000004,18.84,0,3,4,0.7553181603740968,False,,True,True,True,True,True,True,Fc1ccc(C2=Nc3ccc(F)cc3CN2/N=C\c2ccccc2)cc1,0.25,lower similarity; higher extrapolation risk
416,20,CHEMBL273432,Oc1ccccc1Oc1nccc(-c2c(-c3ccc(F)cc3)ncn2C2CCNCC2)n1,0.564,431.4710000000002,4.568600000000004,85.09,2,6,5,0.4816064764671371,False,,True,True,True,True,True,True,Fc1ccc(-c2ncn(C3CCN(Cc4ccccc4)C3)c2-c2ccc3[nH]ncc3c2)cc1,0.35714285714285715,lower similarity; higher extrapolation risk
