rank,library_id,standardized_smiles,active_probability,mw,clogp,tpsa,hbd,hba,rotatable_bonds,qed,pains,pains_description,lipinski_ok,veber_ok,passes_mw,passes_clogp,passes_qed,passes_property_filters,nearest_training_active,nearest_active_tanimoto,risk_note
2,CHEMBL26050,COc1cc2c(Nc3ccc(Cl)cc3F)ncnc2cc1OC1CCN(C)CC1,0.984,416.8840000000003,4.647500000000004,59.51,1,6,5,0.6530468045504428,False,,True,True,True,True,True,True,COc1cc2ncnc(Nc3cc(Cl)ccc3F)c2cc1OC1CCN(C)CC1,0.8813559322033898,close training-active analog
8,CHEMBL31570,C=CC(=O)Nc1nc2c(Nc3ccc(F)c(Cl)c3)ncnc2cc1OCCOC,0.944,417.8280000000002,3.710600000000002,98.26,2,7,8,0.42550144572556864,False,,True,True,True,True,True,True,C=CC(=O)Nc1nc2c(Cc3ccc(F)c(Cl)c3)ncnc2cc1OCCOC,0.7285714285714285,close training-active analog
9,CHEMBL417478,C=CC(=O)Nc1nc2c(Nc3ccc(F)c(Cl)c3)ncnc2cc1/C=C/CCN1CCOCC1,0.94,482.94700000000034,4.420900000000004,92.27,2,7,8,0.45894167809770897,False,,True,True,True,True,True,True,C=CC(=O)Nc1nc2c(Cc3ccc(F)c(Cl)c3)ncnc2cc1/C=C/CCN1CCOCC1,0.7721518987341772,close training-active analog
14,CHEMBL24026,COc1cc2c(Nc3ccc(C#N)cc3F)ncnc2cc1OC/C=C/CN1CCCC1,0.892,433.48700000000036,4.423580000000003,83.3,1,7,8,0.5265024093405771,False,,True,True,True,True,True,True,COc1cc2c(Nc3ccc(Br)cc3F)ncnc2cc1OC/C=C/CN1CCCC1,0.7941176470588235,close training-active analog
15,CHEMBL31161,COc1cc2ncnc(Nc3ccc4nn(Cc5ccccc5)cc4c3)c2cc1OC,0.89,411.46500000000015,4.788600000000004,74.09000000000002,1,6,6,0.4331028473261608,False,,True,True,True,True,True,True,COc1cc2ncnc(Nc3ccccc3)c2cc1OC,0.5925925925925926,moderate training-active similarity
16,CHEMBL416031,COc1cc2ncnc(Nc3ccc4c(cnn4Cc4ccccc4)c3)c2cc1OC,0.886,411.46500000000015,4.788600000000003,74.09000000000002,1,6,6,0.43310284732616083,False,,True,True,True,True,True,True,CN(C)c1cc2c(Nc3ccc4c(cnn4Cc4ccccc4)c3)ncnc2cn1,0.6984126984126984,moderate training-active similarity
17,CHEMBL553,C#Cc1cccc(Nc2ncnc3cc(OCCOC)c(OCCOC)cc23)c1,0.884,393.4430000000002,3.405100000000002,74.73000000000002,1,7,10,0.4178840975839869,False,,True,True,True,True,True,True,C#Cc1cccc(Nc2ncnc3cc(OCCO)c(OCCOC)cc23)c1,0.9038461538461539,close training-active analog
18,CHEMBL283201,C=CC(=O)Nc1ccc2ncnc(Nc3ccc(CN(C)C)c(Br)c3)c2c1,0.882,426.3180000000001,4.322000000000003,70.14999999999999,2,5,6,0.5748796224432157,False,,True,True,True,True,True,True,C=CC(=O)Nc1ccc2ncnc(Cc3ccc(CN(C)C)c(Br)c3)c2c1,0.7142857142857143,close training-active analog
19,CHEMBL281006,Nc1cc2c(Nc3ccc4c(cnn4Cc4ccccc4)c3)ncnc2cn1,0.882,367.41600000000005,3.7486000000000015,94.53999999999999,2,6,4,0.5023187399937282,False,,True,True,True,True,True,True,CN(C)c1cc2c(Nc3ccc4c(cnn4Cc4ccccc4)c3)ncnc2cn1,0.75,close training-active analog
20,CHEMBL288557,Nc1cc2c(Nc3ccc4c(ccn4Cc4ccccc4)c3)ncnc2cn1,0.864,366.42800000000005,4.353600000000003,81.64999999999999,2,5,4,0.49399053927885367,False,,True,True,True,True,True,True,CCCn1ccc2cc(Nc3ncnc4ccc(N)cc34)ccc21,0.5645161290322581,moderate training-active similarity
21,CHEMBL284485,c1ccc(Cn2ncc3cc(Nc4ncnc5ccccc45)ccc32)cc1,0.842,351.4130000000001,4.771400000000003,55.63,1,4,4,0.5065726966511764,False,,True,True,True,True,True,True,CN(C)c1cc2c(Nc3ccc4c(cnn4Cc4ccccc4)c3)ncnc2cn1,0.7241379310344828,close training-active analog
23,CHEMBL31653,Nc1cc2c(Nc3ccc4[nH]c(Cc5ccccc5)nc4c3)ncnc2cn1,0.802,367.41600000000005,3.817700000000001,105.39999999999999,3,6,4,0.44589326382425426,False,,True,True,True,True,True,True,Nc1cc2c(Nc3cccc(Br)c3)ncnc2cn1,0.5172413793103449,moderate training-active similarity
25,CHEMBL274442,Cc1ccc(C)n1Nc1nncc2ccccc12,0.786,238.29400000000004,2.9233400000000005,42.74,1,3,2,0.7460791541525584,False,,True,True,True,True,True,True,Fc1ccc(Nc2nncc3ccccc23)cc1,0.47619047619047616,lower similarity; higher extrapolation risk
26,CHEMBL31615,c1ccc(Cn2cnc3cc(Nc4ncnc5ccccc45)ccc32)cc1,0.784,351.4130000000001,4.7714000000000025,55.63,1,4,4,0.5065726966511765,False,,True,True,True,True,True,True,Clc1cccc(Nc2ncnc3ccccc23)c1,0.5098039215686274,moderate training-active similarity
27,CHEMBL32464,c1ccc(Cc2nc3ccc(Nc4ncnc5ccccc45)cc3[nH]2)cc1,0.778,351.41300000000007,4.840500000000002,66.49000000000001,2,4,4,0.48609132341198674,False,,True,True,True,True,True,True,Fc1ccc(Nc2ncnc3ccccc23)cc1Cl,0.4727272727272727,lower similarity; higher extrapolation risk
34,CHEMBL266603,CC/C=C/CC(=O)O[C@H](CC=C(C)C)C1=CC(=O)c2c(O)ccc(O)c2C1=O,0.746,384.4280000000001,4.027600000000005,100.9,2,6,7,0.4181475384072221,True,quinone_A(370),True,True,True,True,True,True,CC(C)=CC[C@@H](O)C1=CC(=O)c2c(O)ccc(O)c2C1=O,0.5961538461538461,moderate training-active similarity; PAINS alert
47,CHEMBL31407,COc1cc2ncnc(Nc3ccc4nc(Cc5ccccc5)[nH]c4c3)c2cc1OC,0.71,411.46500000000015,4.857700000000003,84.95,2,6,6,0.41515870042777964,False,,True,True,True,True,True,True,COc1cc2ncnc(Nc3ccccc3)c2cc1OC,0.5925925925925926,moderate training-active similarity
49,CHEMBL26791,Oc1c(CN2CCCC2)cc(Nc2ncnc3ccccc23)cc1CN1CCCC1,0.706,403.5300000000003,4.270600000000003,64.52,2,6,6,0.5994511537501938,True,mannich_A(296),True,True,True,True,True,True,Brc1cccc(Nc2ncnc3ccccc23)c1,0.46153846153846156,lower similarity; higher extrapolation risk; PAINS alert
51,CHEMBL8804,CC(C)=CC[C@@H](OC(=O)Cc1ccccc1)C1=CC(=O)c2c(O)ccc(O)c2C1=O,0.694,406.4340000000002,3.9140000000000037,100.9,2,6,6,0.42847184497512814,True,quinone_A(370),True,True,True,True,True,True,CC(C)=CC[C@@H](O)C1=CC(=O)c2c(O)ccc(O)c2C1=O,0.5961538461538461,moderate training-active similarity; PAINS alert
63,CHEMBL276448,C=CCCC(=O)O[C@H](CC=C(C)C)C1=CC(=O)c2c(O)ccc(O)c2C1=O,0.656,370.40100000000007,3.6375000000000033,100.9,2,6,7,0.43168124959809573,True,quinone_A(370),True,True,True,True,True,True,CC(C)=CC[C@@H](O)C1=CC(=O)c2c(O)ccc(O)c2C1=O,0.6078431372549019,moderate training-active similarity; PAINS alert
68,CHEMBL9416,CC(C)=CC[C@@H](OC(=O)C(C)C)C1=CC(=O)c2c(O)ccc(O)c2C1=O,0.65,358.3900000000001,3.3273000000000033,100.9,2,6,5,0.4755913980248538,True,quinone_A(370),True,True,True,True,True,True,CC(C)=CC[C@@H](O)C1=CC(=O)c2c(O)ccc(O)c2C1=O,0.6956521739130435,moderate training-active similarity; PAINS alert
69,CHEMBL8805,CC(C)=CC[C@@H](OC(=O)c1ccccc1)C1=CC(=O)c2c(O)ccc(O)c2C1=O,0.65,392.4070000000002,3.985100000000004,100.9,2,6,5,0.45335808934006183,True,quinone_A(370),True,True,True,True,True,True,CCc1ccc(C(=O)/C=C\C(=O)O[C@H](CC=C(C)C)C2=CC(=O)c3c(O)ccc(O)c3C2=O)cc1,0.639344262295082,moderate training-active similarity; PAINS alert
74,CHEMBL9499,CCCCC(=O)O[C@H](CC=C(C)C)C1=CC(=O)c2c(O)ccc(O)c2C1=O,0.648,372.4170000000001,3.8615000000000035,100.9,2,6,7,0.42809817710838965,True,quinone_A(370),True,True,True,True,True,True,CC(C)=CC[C@@H](O)C1=CC(=O)c2c(O)ccc(O)c2C1=O,0.6078431372549019,moderate training-active similarity; PAINS alert
89,CHEMBL417804,COc1ccccc1Oc1nccc(-c2c(-c3ccc(F)cc3)ncn2C2CCNCC2)n1,0.638,445.49800000000016,4.871600000000004,74.09,1,6,6,0.4564128733308545,False,,True,True,True,True,True,True,Fc1ccc(-c2ncn(C3CCN(Cc4ccccc4)C3)c2-c2ccc3[nH]ncc3c2)cc1,0.35714285714285715,lower similarity; higher extrapolation risk
117,CHEMBL273794,C#CCN1CCN(C2=Nc3ccc(Br)cc3CC=C2c2ccccc2)CC1,0.624,420.3540000000002,4.369600000000004,18.84,0,3,2,0.6724363823129887,False,,True,True,True,True,True,True,Fc1ccc(C2=Nc3ccc(F)cc3CN2/N=C\c2ccccc2)cc1,0.25,lower similarity; higher extrapolation risk
118,CHEMBL8951,CCC(=O)O[C@H](CC=C(C)C)C1=CC(=O)c2c(O)ccc(O)c2C1=O,0.624,344.36300000000006,3.081300000000002,100.9,2,6,5,0.4835006650798225,True,quinone_A(370),True,True,True,True,True,True,CC(C)=CC[C@@H](O)C1=CC(=O)c2c(O)ccc(O)c2C1=O,0.6595744680851063,moderate training-active similarity; PAINS alert
119,CHEMBL8806,CCCC(=O)O[C@H](CC=C(C)C)C1=CC(=O)c2c(O)ccc(O)c2C1=O,0.624,358.39000000000004,3.4714000000000023,100.9,2,6,6,0.45865206787881935,True,quinone_A(370),True,True,True,True,True,True,CC(C)=CC[C@@H](O)C1=CC(=O)c2c(O)ccc(O)c2C1=O,0.6326530612244898,moderate training-active similarity; PAINS alert
137,CHEMBL280457,Oc1nc(-c2ccc(-c3nc(-c4ccc(F)cc4)c(-c4ccncc4)[nH]3)cc2)no1,0.616,399.38500000000005,4.700400000000003,100.72,2,6,4,0.45426926418317604,False,,True,True,True,True,True,True,Oc1ccc(-c2nc(-c3ccc(F)cc3)c(-c3ccnc4[nH]c(-c5ccccc5)cc34)[nH]2)cc1,0.3880597014925373,lower similarity; higher extrapolation risk
155,CHEMBL16719,C=CCN1CCN(C2=Nc3ccc(Br)cc3CC=C2c2ccccc2)CC1,0.61,422.37000000000023,4.922400000000005,18.84,0,3,3,0.6541671638498362,False,,True,True,True,True,True,True,Fc1ccc(C2=Nc3ccc(F)cc3CN2/N=C\c2ccccc2)cc1,0.2676056338028169,lower similarity; higher extrapolation risk
159,CHEMBL280149,CN1CCC(O)(c2nc(-c3ccncc3)c(-c3ccc(F)cc3)o2)CC1,0.61,353.39700000000016,3.4559000000000024,62.39,1,5,3,0.7812982780426704,False,,True,True,True,True,True,True,CN1CCC(O)(c2nc(-c3ccc(F)cc3)c(-c3ccncc3)o2)CC1,1.0,close training-active analog
165,CHEMBL28195,CC(C)=CCC(OC(=O)c1ccccc1)C1=CC(=O)c2c(O)ccc(O)c2C1=O,0.608,392.4070000000002,3.985100000000004,100.9,2,6,5,0.45335808934006183,True,quinone_A(370),True,True,True,True,True,True,CC(C)=CC[C@@H](O)C1=CC(=O)c2c(O)ccc(O)c2C1=O,0.62,moderate training-active similarity; PAINS alert
169,CHEMBL14565,CC(=O)Nc1ccccc1Oc1nccc(-c2c(-c3ccc(F)cc3)ncn2C2CCNCC2)n1,0.606,472.52400000000017,4.821400000000004,93.96,2,6,6,0.41787610841904405,False,,True,True,True,True,True,True,Fc1ccc(-c2ncn(C3CCN(Cc4ccccc4)C3)c2-c2ccc3[nH]ncc3c2)cc1,0.34065934065934067,lower similarity; higher extrapolation risk
170,CHEMBL23254,CC(C)[C@H](CO)Nc1nc(Nc2ccc(C(=O)O)c(Cl)c2)c2ncn(C(C)C)c2n1,0.606,432.9120000000001,3.9312000000000022,125.19000000000001,4,7,8,0.4215416660802581,False,,True,True,True,True,True,True,CC(C)C(CO)Nc1nc(Nc2ccc(N3CCNCC3)cc2)c2ncn(C(C)C)c2n1,0.4935064935064935,lower similarity; higher extrapolation risk
190,CHEMBL6430,CCc1cc2c(NCc3ccccc3)ncnc2s1,0.6,269.37300000000005,3.865800000000002,37.81,1,4,4,0.7810744587510061,False,,True,True,True,True,True,True,Brc1cc2c(NCc3ccccc3)ncnc2s1,0.6818181818181818,moderate training-active similarity
194,CHEMBL28457,CC(C)=CC[C@H](O)C1=CC(=O)c2c(O)ccc(O)c2C1=O,0.598,288.29900000000004,2.1204000000000005,94.83000000000001,3,5,3,0.5847074834650013,True,quinone_A(370),True,True,True,True,True,True,CC(C)=CC[C@@H](O)C1=CC(=O)c2c(O)ccc(O)c2C1=O,0.7948717948717948,close training-active analog; PAINS alert
199,CHEMBL28494,CCCC(=O)OC(CC=C(C)C)C1=CC(=O)c2c(O)ccc(O)c2C1=O,0.596,358.39000000000004,3.4714000000000023,100.9,2,6,6,0.45865206787881935,True,quinone_A(370),True,True,True,True,True,True,CC(C)=CC[C@@H](O)C1=CC(=O)c2c(O)ccc(O)c2C1=O,0.6326530612244898,moderate training-active similarity; PAINS alert
228,CHEMBL281300,C=CC(=O)Nc1ccc2ncc(C#N)c(Nc3cccc(Br)c3)c2c1,0.59,393.244,4.737080000000002,77.81,2,4,4,0.6281864427963961,False,,True,True,True,True,True,True,C=CC(=O)Nc1cnc2ncc(C#N)c(Nc3cccc(Br)c3)c2c1,0.7758620689655172,close training-active analog
235,CHEMBL285813,c1ccc(-c2cnc(Nc3ccc4cncnc4c3)o2)cc1,0.59,288.31000000000006,4.028400000000001,63.84,1,5,3,0.6163383950394415,False,,True,True,True,True,True,True,c1ccc(-c2cccc(Nc3ncnc4cc5c(cc34)OCO5)c2)cc1,0.3064516129032258,lower similarity; higher extrapolation risk
243,CHEMBL27248,Cc1cc(NS(=O)(=O)c2ccc(O)cc2)no1,0.588,254.26700000000002,1.4894199999999997,92.43,2,5,3,0.8652045118398097,False,,True,True,True,True,True,True,Cc1cc(NS(=O)(=O)c2ccc(Nc3nncc4ccccc34)cc2)no1,0.5094339622641509,moderate training-active similarity
269,CHEMBL276592,N#Cc1ccc(S(=O)(=O)Nc2cccc(C(c3c(O)oc4c(c3=O)CCCCCC4)C3CC3)c2)nc1,0.584,505.59600000000046,4.613780000000004,133.29000000000002,2,7,6,0.49946913395446424,False,,False,True,True,True,True,True,CNS(=O)(=O)c1cccc(Nc2cc(Nc3cccc(C(C)C)c3)ncn2)c1,0.2441860465116279,lower similarity; higher extrapolation risk
273,CHEMBL14170,CN(C)C(=O)c1cccc(Oc2nccc(-c3c(-c4ccc(F)cc4)ncn3C3CCNCC3)n2)c1,0.582,486.55100000000016,4.5648000000000035,85.17,1,6,6,0.43000035188675795,False,,True,True,True,True,True,True,Cc1cc(OC2CCNCC2)ccc1Nc1nccc(-c2c(-c3cccc(C(=O)Nc4c(F)cccc4F)c3)nc3ccccn23)n1,0.32432432432432434,lower similarity; higher extrapolation risk
289,CHEMBL16672,CCCc1ccc2c(c1)CC=C(c1ccccc1)C(N1CCN(CC)CC1)=N2,0.58,373.5440000000002,4.946300000000006,18.84,0,3,4,0.7553181603740966,False,,True,True,True,True,True,True,CCN1CCN(Cc2ccc(-c3cc4c(N[C@@H](C)c5ccccc5)ncnc4[nH]3)cc2)CC1,0.275,lower similarity; higher extrapolation risk
301,CHEMBL275361,CC(C)c1ccc2c(c1)CC=C(c1ccccc1)C(N1CCN(C)CC1)=N2,0.578,359.51700000000017,4.727100000000006,18.84,0,3,2,0.7720298414860264,False,,True,True,True,True,True,True,CC(C)n1c(Nc2ccccc2)nc2cnc(Nc3ccc(N4CCN(C)CC4)cc3)nc21,0.29577464788732394,lower similarity; higher extrapolation risk
320,CHEMBL14300,COc1cccc(Oc2nccc(-c3c(-c4ccc(F)cc4)ncn3C3CCNCC3)n2)c1,0.576,445.49800000000016,4.871600000000004,74.09,1,6,6,0.4564128733308545,False,,True,True,True,True,True,True,Fc1ccc(-c2ncn(C3CCN(Cc4ccccc4)C3)c2-c2ccc3[nH]ncc3c2)cc1,0.3488372093023256,lower similarity; higher extrapolation risk
336,CHEMBL21835,CN1CCN(c2ccc(-c3cc(NCCC4CCCN4C)c4ccccc4n3)cc2)CC1,0.574,429.61200000000014,4.549800000000004,34.64,1,5,6,0.621875190362109,False,,True,True,True,True,True,True,CN1CCN(c2ccc(Nc3ncc4cc(CNc5ccccc5)n(C5CCCC5)c4n3)cc2)CC1,0.34523809523809523,lower similarity; higher extrapolation risk
377,CHEMBL16588,CCc1ccc2c(c1)CC=C(c1ccccc1)C(N1CCN(C(C)C)CC1)=N2,0.568,373.5440000000002,4.9447000000000045,18.84,0,3,3,0.7583883230452994,False,,True,True,True,True,True,True,Fc1ccc(C2=Nc3ccc(F)cc3CN2/N=C\c2ccccc2)cc1,0.25,lower similarity; higher extrapolation risk
380,CHEMBL276529,C[S+]([O-])c1cccc(-c2nc(-c3ccc(F)cc3)c(-c3ccncc3)[nH]2)c1,0.568,377.444,4.6822000000000035,64.63,1,3,4,0.5251964041458315,False,,True,True,True,True,True,True,Fc1ccc(-c2nc(-c3ccccc3)[nH]c2-c2ccnc3[nH]c(-c4ccccc4)cc23)cc1,0.40625,lower similarity; higher extrapolation risk
399,CHEMBL16635,CCCN1CCN(C2=Nc3ccc(CC)cc3CC=C2c2ccccc2)CC1,0.564,373.54400000000015,4.946300000000004,18.84,0,3,4,0.7553181603740968,False,,True,True,True,True,True,True,Fc1ccc(C2=Nc3ccc(F)cc3CN2/N=C\c2ccccc2)cc1,0.25,lower similarity; higher extrapolation risk
416,CHEMBL273432,Oc1ccccc1Oc1nccc(-c2c(-c3ccc(F)cc3)ncn2C2CCNCC2)n1,0.564,431.4710000000002,4.568600000000004,85.09,2,6,5,0.4816064764671371,False,,True,True,True,True,True,True,Fc1ccc(-c2ncn(C3CCN(Cc4ccccc4)C3)c2-c2ccc3[nH]ncc3c2)cc1,0.35714285714285715,lower similarity; higher extrapolation risk
448,CHEMBL21810,CN1CCCC1CCNc1cc(-c2ccc(F)cc2)nc2ccccc12,0.56,349.4530000000001,4.9371000000000045,28.16,1,3,5,0.7072469576895009,False,,True,True,True,True,True,True,COc1cc2nc(-c3ccc(C(F)(F)F)cc3)cc(OCCCNC3CCN(C)CC3)c2cc1OC,0.2976190476190476,lower similarity; higher extrapolation risk
